<?xml version="1.0" encoding="UTF-8" standalone="yes"?>
<addon id="repository.revoluar" name="[COLOR red]REVOLUAR[/COLOR] Repo" version="1.0" provider-name="Luar">
    <extension point="xbmc.addon.repository" name="Mi repositorio">
        <info>https://raw.githubusercontent.com/revoluar/Repositorio/master/Repositorio/addons.xml</info>
        <checksum>https://raw.githubusercontent.com/revoluar/Repositorio/master/Repositorio/addons.xml.md5</checksum>
        <datadir zip="true">https://raw.githubusercontent.com/revoluar/Repositorio/master/Repositorio/</datadir>
    </extension>
    <extension point="xbmc.addon.metadata">
        <summary>Repositorio addon REVOLUAR</summary>
        <description></description>
        <disclaimer></disclaimer>
        <platform>all</platform>
    </extension>
</addon>
